{"cameraMode":{"drawMode":0,"name":"Shaded","section":"Shading Mode"},"sceneLighting":false,"audioPlay":false,"sceneViewState":{"m_AlwaysRefresh":false,"showFog":true,"showSkybox":false,"showFlares":true,"showImageEffects":true,"showParticleSystems":true,"showVisualEffectGraphs":true,"m_FxEnabled":true},"in2DMode":false,"pivot":{"x":0.012891709804534912,"y":0.5754083395004273,"z":0.20040428638458253},"rotation":{"x":-0.03687865287065506,"y":0.961877167224884,"z":-0.21560321748256684,"w":-0.16460292041301728},"size":1.1656922101974488,"orthographic":false}