{"cameraMode":{"drawMode":0,"name":"Shaded","section":"Shading Mode"},"sceneLighting":false,"audioPlay":false,"sceneViewState":{"m_AlwaysRefresh":false,"showFog":true,"showSkybox":false,"showFlares":true,"showImageEffects":true,"showParticleSystems":true,"showVisualEffectGraphs":true,"m_FxEnabled":true},"in2DMode":false,"pivot":{"x":-0.006348118185997009,"y":0.8289753198623657,"z":-0.0054128170013427738},"rotation":{"x":-0.0029052195604890587,"y":0.9686548709869385,"z":-0.24817398190498353,"w":-0.0113331014290452},"size":1.1656922101974488,"orthographic":false}