{"cameraMode":{"drawMode":0,"name":"Shaded","section":"Shading Mode"},"sceneLighting":false,"audioPlay":false,"sceneViewState":{"m_AlwaysRefresh":false,"showFog":true,"showSkybox":false,"showFlares":true,"showImageEffects":true,"showParticleSystems":true,"showVisualEffectGraphs":true,"m_FxEnabled":true},"in2DMode":false,"pivot":{"x":-3.4805848598480226,"y":0.7763538956642151,"z":-2.9370949268341066},"rotation":{"x":0.003959381952881813,"y":-0.8980537056922913,"z":0.008081982843577862,"w":0.4398040771484375},"size":2.844977617263794,"orthographic":false}